55,Acipenseriformes,Acipenseridae,Acipenser,SPECIES,Acipenser oxyrinchus,4287132
603,Anguilliformes,Anguillidae,Anguilla,SPECIES,Anguilla rostrata,5212956
53,Anguilliformes,Congridae,Conger,SPECIES,Conger oceanicus,2403522
5,Anguilliformes,Synaphobranchidae,Ilyophis,SPECIES,Ilyophis brunneus,2402821
5,Atheriniformes,Atherinopsidae,Membras,SPECIES,Membras martinica,2412232
389,Atheriniformes,Atherinopsidae,Menidia,SPECIES,Menidia menidia,2412304
9,Aulopiformes,Bathysauridae,Bathysaurus,SPECIES,Bathysaurus ferox,2401415
7,Aulopiformes,Notosudidae,Scopelosaurus,SPECIES,Scopelosaurus lepidus,2401058
6,Aulopiformes,Paralepididae,Paralepis,GENUS,Paralepis,2401592
3,Aulopiformes,Scopelarchidae,Scopelarchus,SPECIES,Scopelarchus analis,2401446
8,Aulopiformes,Synodontidae,Synodus,SPECIES,Trachinocephalus myops,2401159
3,Beloniformes,Belonidae,Ablennes,SPECIES,Ablennes hians,2369165
4,Beloniformes,Exocoetidae,Hirundichthys,SPECIES,Hirundichthys volador,9591512
3,Beloniformes,Exocoetidae,Parexocoetus,SPECIES,Parexocoetus hillianus,2368613
464,Clupeiformes,Clupeidae,Alosa,SPECIES,Alosa aestivalis,2412708
6,Clupeiformes,Clupeidae,Alosa,GENUS,Alosa,2412615
48289,Clupeiformes,Clupeidae,Clupea,SPECIES,Clupea harengus,8351946
58,Clupeiformes,Clupeidae,Dorosoma,SPECIES,Dorosoma cepedianum,2413541
54,Clupeiformes,Engraulidae,Anchoa,SPECIES,Anchoa mitchilli,2413931
45,Cypriniformes,Catostomidae,Erimyzon,SPECIES,Erimyzon oblongus,2358941
6,Cypriniformes,Cyprinidae,Chrosomus,SPECIES,Chrosomus eos,2365385
5,Cypriniformes,Cyprinidae,Couesius,SPECIES,Couesius plumbeus,2360898
32,Cypriniformes,Cyprinidae,Cyprinella,SPECIES,Cyprinella analostana,5207658
8,Cypriniformes,Cyprinidae,Cyprinella,SPECIES,Cyprinella spiloptera,5207691
8,Cypriniformes,Cyprinidae,Cyprinus,SUBSPECIES,Cyprinus carpio carpio,7059109
94,Cypriniformes,Cyprinidae,Cyprinus,SPECIES,Cyprinus rubrofuscus,2367196
7,Cypriniformes,Cyprinidae,Exoglossum,SPECIES,Exoglossum maxillingua,2361987
50,Cypriniformes,Cyprinidae,Notropis,SPECIES,Notropis bifrenatus,2362305
57,Cypriniformes,Cyprinidae,Notropis,SPECIES,Notropis hudsonius,2362185
43,Cypriniformes,Cyprinidae,Notropis,SPECIES,Notropis procne,2362157
3,Cypriniformes,Cyprinidae,Pimephales,SPECIES,Pimephales notatus,2367736
44,Cypriniformes,Cyprinidae,Rhinichthys,SPECIES,Rhinichthys cataractae,2359811
3,Cyprinodontiformes,Cyprinodontidae,Cyprinodon,SUBSPECIES,Cyprinodon variegatus variegatus,7059138
314,Cyprinodontiformes,Fundulidae,Fundulus,SPECIES,Fundulus diaphanus,5712054
632,Cyprinodontiformes,Fundulidae,Fundulus,SPECIES,Fundulus heteroclitus,5712056
309,Cyprinodontiformes,Fundulidae,Fundulus,SPECIES,Fundulus majalis,5203628
5,Cyprinodontiformes,Fundulidae,Fundulus,GENUS,Fundulus,2347676
40,Cyprinodontiformes,Fundulidae,Lucania,SPECIES,Lucania parva,2349567
68,Cyprinodontiformes,Poeciliidae,Gambusia,SPECIES,Gambusia affinis,2350580
8,Carcharhiniformes,Carcharhinidae,Galeocerdo,SPECIES,Galeocerdo cuvier,2418234
34,Carcharhiniformes,Carcharhinidae,Prionace,SPECIES,Prionace glauca,2417940
8,Carcharhiniformes,Scyliorhinidae,Apristurus,SPECIES,Apristurus laurussoni,2418468
6,Carcharhiniformes,Scyliorhinidae,Apristurus,SPECIES,Apristurus profundorum,2418478
512,Carcharhiniformes,Triakidae,Mustelus,SPECIES,Mustelus canis,2418312
7,Myliobatiformes,Dasyatidae,Hypanus,GENUS,Hypanus say,4853261
5,Myliobatiformes,Gymnuridae,Gymnura,SPECIES,Gymnura altavela,5216232
7,Myliobatiformes,Myliobatidae,Mobula,SPECIES,Mobula birostris,9548142
47,Myliobatiformes,Myliobatidae,Rhinoptera,SPECIES,Rhinoptera bonasus,5215777
6622,Rajiformes,Rajidae,Amblyraja,SPECIES,Amblyraja radiata,2420446
5531,Rajiformes,Rajidae,Leucoraja,GENUS,Leucoraja,2419848
352,Rajiformes,Rajidae,Leucoraja,SPECIES,Leucoraja erinaceus,2419879
50,Rajiformes,Rajidae,Leucoraja,SPECIES,Leucoraja garmani,2419858
5,Rajiformes,Rajidae,Leucoraja,SPECIES,Raja garmani,5215978
36334,Rajiformes,Rajidae,Leucoraja,SPECIES,Leucoraja ocellata,2419886
4321,Rajiformes,Rajidae,Malacoraja,SPECIES,Malacoraja senta,2419827
5,Squaliformes,Etmopteridae,Etmopterus,SPECIES,Etmopterus princeps,2421071
6,Squaliformes,Somniosidae,Centroscymnus,SPECIES,Centroscymnus coelolepis,2421147
47329,Squaliformes,Squalidae,Squalus,SPECIES,Squalus acanthias,5216368
39,Esociformes,Esocidae,Esox,SPECIES,Esox americanus,4284046
55,Esociformes,Esocidae,Esox,SUBSPECIES,Esox americanus americanus,6167920
33,Esociformes,Esocidae,Esox,SPECIES,Esox lucius,2346633
397,Esociformes,Esocidae,Esox,SPECIES,Esox niger,2346629
5,Esociformes,Esocidae,Esox,GENUS,Esox,2346628
5,Esociformes,Umbridae,Umbra,SPECIES,Umbra limi,5203110
47390,Gadiformes,Gadidae,Gadus,SPECIES,Gadus morhua,8084280
37,Gadiformes,Gadidae,Microgadus,SPECIES,Microgadus tomcod,2415893
559,Gadiformes,Lotidae,Enchelyopus,SPECIES,Enchelyopus cimbrius,5214892
5,Gadiformes,Lotidae,Gaidropsarus,SPECIES,Gaidropsarus ensis,2415583
4,Gadiformes,Lotidae,Lota,SPECIES,Lota lota,2415460
8,Gadiformes,Macrouridae,,FAMILY,Macrouridae,6978
5,Gadiformes,Macrouridae,Macrourus,SPECIES,Macrourus berglax,5215147
7,Gadiformes,Macrouridae,Malacocephalus,SPECIES,Malacocephalus occidentalis,5215097
622,Gadiformes,Macrouridae,Nezumia,SPECIES,Nezumia bairdii,2416930
88,Gadiformes,Merlucciidae,Merluccius,SPECIES,Merluccius albidus,2415661
5,Gadiformes,Moridae,Halargyreus,SPECIES,Halargyreus johnsonii,2417127
5,Gadiformes,Moridae,Laemonema,SPECIES,Laemonema barbatulum,5215399
73,Gasterosteiformes,Gasterosteidae,Apeltes,SPECIES,Apeltes quadracus,5204681
830,Neogastropoda,Muricidae,Nucella,SPECIES,Nucella lapillus,5193449
390,Neogastropoda,Muricidae,Urosalpinx,SPECIES,Urosalpinx cinerea,2304415
73,Gobiesociformes,Gobiesocidae,Gobiesox,SPECIES,Gobiesox strumosus,2411317
9,Chimaeriformes,Rhinochimaeridae,Rhinochimaera,SPECIES,Rhinochimaera atlantica,2417443
5,Lepisosteiformes,Lepisosteidae,Lepisosteus,SPECIES,Lepisosteus osseus,2346701
5,Lophiiformes,Antennariidae,Histrio,SPECIES,Histrio histrio,5214666
6,Mugiliformes,Mugilidae,Mugil,SPECIES,Mugil cephalus,8189568
35,Mugiliformes,Mugilidae,Mugil,SPECIES,Mugil curema,2400641
85,Myctophiformes,Myctophidae,Benthosema,SPECIES,Benthosema glaciale,2406057
7,Myctophiformes,Myctophidae,Benthosema,GENUS,Benthosema,2406056
33,Myctophiformes,Myctophidae,Diaphus,SPECIES,Diaphus dumerilii,2406248
611,Myctophiformes,Myctophidae,,FAMILY,Myctophidae,4217
94,Myctophiformes,Myctophidae,Hygophum,SPECIES,Hygophum hygomi,5213288
4,Myctophiformes,Myctophidae,Notoscopelus,SPECIES,Notoscopelus resplendens,2406106
8,Myxiniformes,Myxinidae,Myxine,SPECIES,Myxine limosa,2498683
7,Notacanthiformes,Halosauridae,Aldrovandia,SPECIES,Aldrovandia affinis,5213262
3,Notacanthiformes,Notacanthidae,Polyacanthonotus,SPECIES,Polyacanthonotus rissoanus,2405510
8,Ophidiiformes,Ophidiidae,Dicrolene,SPECIES,Dicrolene introniger,2346047
4,Ophidiiformes,Ophidiidae,,FAMILY,Ophidiidae,8476
324,Ophidiiformes,Ophidiidae,Lepophidium,SPECIES,Lepophidium profundorum,2345611
66,Osmeriformes,Alepocephalidae,Alepocephalus,SPECIES,Alepocephalus agassizii,5214412
8,Osmeriformes,Alepocephalidae,Rouleina,SPECIES,Rouleina attrita,5214370
4716,Osmeriformes,Argentinidae,Argentina,SPECIES,Argentina silus,5214450
5,Osmeriformes,Argentinidae,,FAMILY,Argentinidae,4222
52,Osmeriformes,Osmeridae,Mallotus,SPECIES,Mallotus villosus,5214420
54,Osmeriformes,Osmeridae,Osmerus,SPECIES,Osmerus mordax,4283983
5,Osmeriformes,Platytroctidae,Holtbyrnia,SPECIES,Holtbyrnia anomala,2411120
32,Perciformes,Acropomatidae,Synagrops,SPECIES,Synagrops bella,2381532
32,Perciformes,Ammodytidae,Ammodytes,SPECIES,Ammodytes americanus,2389998
76,Perciformes,Ammodytidae,Ammodytes,GENUS,Ammodytes,2389989
3007,Perciformes,Anarhichadidae,Anarhichas,SPECIES,Anarhichas lupus,8006460
4,Perciformes,Ariommatidae,Ariomma,SPECIES,Ariomma bondi,2399410
42,Perciformes,Blenniidae,Hypsoblennius,SPECIES,Hypsoblennius hentz,2395566
5,Perciformes,Callionymidae,Callionymus,GENUS,Callionymus,2333601
8,Perciformes,Callionymidae,,FAMILY,Callionymidae,8511
5,Perciformes,Carangidae,Alectis,SPECIES,Alectis ciliaris,2390537
3,Perciformes,Carangidae,Carangoides,SPECIES,Caranx bartholomaei,2390959
3,Perciformes,Carangidae,Decapterus,SPECIES,Decapterus macarellus,2391064
6,Perciformes,Carangidae,Decapterus,SPECIES,Decapterus punctatus,2391041
35,Perciformes,Carangidae,Selene,SPECIES,Selene setapinnis,2390733
6,Perciformes,Carangidae,Selene,SPECIES,Vomer setapinnis,2390735
9,Perciformes,Carangidae,Seriola,SPECIES,Seriola rivoliana,5961682
62,Perciformes,Carangidae,Trachinotus,SPECIES,Trachinotus falcatus,9819074
9,Perciformes,Carangidae,Trachurus,SPECIES,Trachurus lathami,5210468
33,Perciformes,Centrarchidae,Enneacanthus,SPECIES,Enneacanthus chaetodon,2394547
47,Perciformes,Centrarchidae,Lepomis,GENUS,Lepomis,2394482
3,Perciformes,Centrarchidae,Lepomis,GENUS,Lepomis auritus × cyanellus,2394482
8,Perciformes,Centrarchidae,Lepomis,GENUS,Lepomis auritus × macrochirus,2394482
35,Perciformes,Centrarchidae,Lepomis,GENUS,Lepomis gibbosus × cyanellus,2394482
51,Perciformes,Centrarchidae,Lepomis,GENUS,Lepomis gibbosus × macrochirus,2394482
43,Perciformes,Centrarchidae,Lepomis,GENUS,Lepomis macrochirus × cyanellus,2394482
457,Perciformes,Centrarchidae,Lepomis,SPECIES,Lepomis auritus,2394491
307,Perciformes,Centrarchidae,Lepomis,SPECIES,Lepomis cyanellus,2394494
755,Perciformes,Centrarchidae,Lepomis,SPECIES,Lepomis gibbosus,2394486
8,Perciformes,Centrarchidae,Lepomis,SPECIES,Lepomis gulosus,2394507
6,Perciformes,Centrarchidae,Lepomis,SUBSPECIES,Lepomis macrochirus macrochirus,9453826
9,Perciformes,Centrolophidae,Hyperoglyphe,SPECIES,Hyperoglyphe perciformis,2398160
4,Perciformes,Chaetodontidae,Chaetodon,SPECIES,Chaetodon capistratus,2385548
46,Perciformes,Chaetodontidae,Chaetodon,SPECIES,Chaetodon ocellatus,2385448
66,Perciformes,Channidae,Channa,SPECIES,Channa argus,4284921
7,Perciformes,Chiasmodontidae,Chiasmodon,SPECIES,Chiasmodon niger,2394676
36,Perciformes,Coryphaenidae,Coryphaena,SPECIES,Coryphaena hippurus,2381939
81,Perciformes,Cryptacanthodidae,Cryptacanthodes,SPECIES,Cryptacanthodes maculatus,2387415
4,Perciformes,Ephippidae,Chaetodipterus,SPECIES,Chaetodipterus faber,2394320
4,Perciformes,Gempylidae,Nealotus,SPECIES,Nealotus tripes,2397769
5,Perciformes,Gobiidae,Ctenogobius,SPECIES,Ctenogobius boleosoma,2375376
3,Perciformes,Gobiidae,Gobiosoma,GENUS,Gobiosoma,3237964
37,Perciformes,Gobiidae,Gobiosoma,SPECIES,Gobiosoma bosc,5208832
324,Perciformes,Labridae,Tautoga,SPECIES,Tautoga onitis,2383615
4,Perciformes,Lutjanidae,Lutjanus,SPECIES,Lutjanus campechanus,2384865
5,Perciformes,Malacanthidae,Lopholatilus,SPECIES,Lopholatilus chamaeleonticeps,2389833
363,Perciformes,Moronidae,Morone,SPECIES,Morone americana,2394604
677,Perciformes,Moronidae,Morone,SPECIES,Morone saxatilis,2394612
50,Perciformes,Percidae,Etheostoma,SPECIES,Etheostoma fusiforme,2382339
440,Perciformes,Percidae,Perca,SPECIES,Perca flavescens,2382004
3,Perciformes,Percidae,Sander,SPECIES,Sander vitreus,2382172
8,Perciformes,Pholidae,Pholis,SPECIES,Pholis fasciata,5210413
3,Perciformes,Pomacanthidae,Holacanthus,SPECIES,Holacanthus bermudensis,5211460
3,Perciformes,Pomacentridae,Abudefduf,SPECIES,Abudefduf taurus,2398664
321,Perciformes,Pomatomidae,Pomatomus,SPECIES,Pomatomus saltatrix,5208090
3,Perciformes,Priacanthidae,Cookeolus,SPECIES,Cookeolus japonicus,2375059
4,Perciformes,Priacanthidae,Heteropriacanthus,SPECIES,Heteropriacanthus cruentatus,2375045
31,Perciformes,Priacanthidae,Pristigenys,SPECIES,Pristigenys alta,2375079
61,Perciformes,Sciaenidae,Bairdiella,SPECIES,Bairdiella chrysoura,2400214
51,Perciformes,Sciaenidae,Cynoscion,SPECIES,Cynoscion regalis,2399985
48,Perciformes,Sciaenidae,Pogonias,SPECIES,Pogonias cromis,5212349
5,Perciformes,Scombridae,Auxis,SPECIES,Auxis rochei,4286088
4,Perciformes,Scombridae,Katsuwonus,SPECIES,Katsuwonus pelamis,2374191
8,Perciformes,Scombridae,Scomberomorus,SPECIES,Scomberomorus maculatus,2374268
30,Perciformes,Scombridae,Thunnus,SPECIES,Thunnus thynnus,2373980
5,Perciformes,Serranidae,Anthias,SPECIES,Anthias nicholsi,2387923
464,Perciformes,Serranidae,Centropristis,SPECIES,Centropristis striata,2387483
7,Perciformes,Serranidae,Hyporthodus,SPECIES,Hyporthodus niveatus,5788225
3,Perciformes,Serranidae,Mycteroperca,SPECIES,Mycteroperca microlepis,2388994
4,Perciformes,Serranidae,Mycteroperca,SPECIES,Mycteroperca phenax,2389053
42,Perciformes,Sparidae,Lagodon,SPECIES,Lagodon rhomboides,2392516
48,Perciformes,Sphyraenidae,Sphyraena,SPECIES,Sphyraena borealis,2394241
30,Perciformes,Stichaeidae,Eumesogrammus,SPECIES,Eumesogrammus praecisus,2394920
9,Perciformes,Stichaeidae,,FAMILY,Stichaeidae,8598
3,Perciformes,Stichaeidae,Leptoclinus,SPECIES,Leptoclinus maculatus,2394832
329,Perciformes,Stichaeidae,Ulvaria,SPECIES,Ulvaria subbifurcata,5211302
6,Perciformes,Trichiuridae,Benthodesmus,SPECIES,Benthodesmus simonyi,2389330
7,Perciformes,Trichiuridae,Trichiurus,SPECIES,Trichiurus lepturus,2389407
38,Perciformes,Uranoscopidae,Astroscopus,SPECIES,Astroscopus guttatus,2394348
4,Perciformes,Xiphiidae,Xiphias,SPECIES,Xiphias gladius,2397850
4,Perciformes,Zoarcidae,Gymnelus,SPECIES,Gymnelis viridis,2380950
32,Perciformes,Zoarcidae,Lycenchelys,SPECIES,Lycenchelys verrilli,2380616
38,Perciformes,Zoarcidae,Lycodes,GENUS,Lycodes,2380703
3,Perciformes,Zoarcidae,Lycodes,SPECIES,Lycodes reticulatus,8406566
9165,Perciformes,Zoarcidae,Zoarces,SPECIES,Zoarces americanus,2380998
30,Percopsiformes,Aphredoderidae,Aphredoderus,SPECIES,Aphredoderus sayanus,2401749
7,Percopsiformes,Aphredoderidae,Aphredoderus,SUBSPECIES,Aphredoderus sayanus sayanus,6166249
3,Petromyzontiformes,Petromyzontidae,Lampetra,SPECIES,Lampetra aepyptera,5216490
7,Petromyzontiformes,Petromyzontidae,Lethenteron,SPECIES,Lethenteron appendix,2421396
347,Petromyzontiformes,Petromyzontidae,Petromyzon,SPECIES,Petromyzon marinus,8236498
31,Pleuronectiformes,Cynoglossidae,Symphurus,SPECIES,Symphurus diomedeanus,2409438
7,Pleuronectiformes,Cynoglossidae,Symphurus,SPECIES,Symphurus plagiusa,2409475
4998,Pleuronectiformes,Paralichthyidae,Hippoglossina,SPECIES,Hippoglossina oblonga,2408805
8,Pleuronectiformes,Paralichthyidae,Hippoglossina,SPECIES,Paralichthys oblongus,2408807
700,Pleuronectiformes,Paralichthyidae,Paralichthys,SPECIES,Paralichthys dentatus,2408866
4,Pleuronectiformes,Pleuronectidae,,FAMILY,Pleuronectidae,8611
9138,Pleuronectiformes,Pleuronectidae,Glyptocephalus,SPECIES,Glyptocephalus cynoglossus,5213996
3077,Pleuronectiformes,Pleuronectidae,Hippoglossus,SPECIES,Hippoglossus hippoglossus,2409218
33649,Pleuronectiformes,Pleuronectidae,Limanda,SPECIES,Limanda ferruginea,5213953
336,Pleuronectiformes,Pleuronectidae,Reinhardtius,SPECIES,Reinhardtius hippoglossoides,2409383
4,Polymixiiformes,Polymixiidae,Polymixia,SPECIES,Polymixia nobilis,2410396
6,Salmoniformes,Salmonidae,,FAMILY,Salmo trutta × Salvelinus fontinalis,8615
8,Salmoniformes,Salmonidae,Oncorhynchus,SPECIES,Oncorhynchus nerka,5204039
5,Scorpaeniformes,Agonidae,Aspidophoroides,SPECIES,Aspidophoroides olriki,2337217
66,Scorpaeniformes,Agonidae,,FAMILY,Agonidae,8617
6,Scorpaeniformes,Agonidae,Leptagonus,SPECIES,Leptagonus decagonus,2337186
478,Scorpaeniformes,Cottidae,Artediellus,SPECIES,Artediellus atlanticus,2334289
65,Scorpaeniformes,Cottidae,Artediellus,GENUS,Artediellus,2334270
3,Scorpaeniformes,Cottidae,Icelus,SPECIES,Icelus bicornis,5201203
60,Scorpaeniformes,Cottidae,Icelus,SPECIES,Icelus spatula,5201205
524,Scorpaeniformes,Cottidae,Myoxocephalus,SPECIES,Myoxocephalus aenaeus,2333799
37069,Scorpaeniformes,Cottidae,Myoxocephalus,SPECIES,Myoxocephalus octodecemspinosus,2333802
3582,Scorpaeniformes,Cottidae,Triglops,SPECIES,Triglops murrayi,2334048
375,Scorpaeniformes,Cyclopteridae,Cyclopterus,SPECIES,Cyclopterus lumpus,5962255
64,Scorpaeniformes,Cyclopteridae,Eumicrotremus,SPECIES,Eumicrotremus spinosus,2336857
8,Scorpaeniformes,Liparidae,Careproctus,SPECIES,Careproctus ranula,2336141
5,Scorpaeniformes,Liparidae,Careproctus,SPECIES,Careproctus reinhardti,2336181
3,Scorpaeniformes,Liparidae,Careproctus,GENUS,Careproctus,2336138
55,Scorpaeniformes,Liparidae,Liparis,GENUS,Liparis,2335959
71,Scorpaeniformes,Liparidae,Liparis,SPECIES,Liparis atlanticus,5201436
67,Scorpaeniformes,Liparidae,Liparis,SPECIES,Liparis fabricii,5201468
49,Scorpaeniformes,Liparidae,Liparis,SPECIES,Liparis gibbus,5201429
35,Scorpaeniformes,Liparidae,Liparis,SPECIES,Liparis inquilinus,5201465
4,Scorpaeniformes,Liparidae,Liparis,SPECIES,Liparis liparis,5712338
5,Scorpaeniformes,Liparidae,Liparis,SPECIES,Liparis tunicatus,5201492
4,Scorpaeniformes,Liparidae,Paraliparis,SPECIES,Paraliparis copei,4286437
4,Scorpaeniformes,Liparidae,Paraliparis,SPECIES,Paraliparis garmani,2336334
55,Scorpaeniformes,Peristediidae,Peristedion,SPECIES,Peristedion miniatum,2335006
8,Scorpaeniformes,Scorpaenidae,,FAMILY,Scorpaenidae,4508
8453,Scorpaeniformes,Sebastidae,Helicolenus,SPECIES,Helicolenus dactylopterus,4286361
55878,Scorpaeniformes,Sebastidae,Sebastes,GENUS,Sebastes,2333712
31,Scorpaeniformes,Sebastidae,Sebastes,SPECIES,Sebastes fasciatus,10689065
4,Scorpaeniformes,Triglidae,,FAMILY,Triglidae,8635
3,Scorpaeniformes,Triglidae,Prionotus,GENUS,Prionotus,2336541
326,Scorpaeniformes,Triglidae,Prionotus,SPECIES,Prionotus carolinus,5201557
65,Siluriformes,Ictaluridae,Ameiurus,SPECIES,Ameiurus catus,2340972
76,Siluriformes,Ictaluridae,Ameiurus,SPECIES,Ameiurus natalis,2340969
5,Siluriformes,Ictaluridae,Ictalurus,SPECIES,Ictalurus furcatus,5202525
40,Siluriformes,Ictaluridae,Noturus,SPECIES,Noturus gyrinus,2341016
30,Siluriformes,Ictaluridae,Noturus,SPECIES,Noturus insignis,2341009
4,Siluriformes,Ictaluridae,Pylodictis,SPECIES,Pylodictis olivaris,2341077
8,Stomiiformes,Gonostomatidae,Sigmops,SPECIES,Gonostoma bathyphilum,5203368
5,Stomiiformes,Gonostomatidae,Sigmops,SPECIES,Gonostoma elongatum,5203363
399,Stomiiformes,Sternoptychidae,Maurolicus,SPECIES,Maurolicus muelleri,2347501
6,Stomiiformes,Sternoptychidae,Polyipnus,GENUS,Polyipnus,2347513
4,Stomiiformes,Sternoptychidae,Polyipnus,SPECIES,Polyipnus clarus,2347529
3,Stomiiformes,Stomiidae,Aristostomias,GENUS,Aristostomias,5203188
4,Stomiiformes,Stomiidae,Borostomias,SPECIES,Borostomias antarcticus,2347213
87,Stomiiformes,Stomiidae,Chauliodus,SPECIES,Chauliodus sloani,5203203
4,Stomiiformes,Stomiidae,,FAMILY,Stomiidae,2225
3,Stomiiformes,Stomiidae,Malacosteus,SPECIES,Malacosteus niger,2347378
3,Syngnathiformes,Fistulariidae,Fistularia,SPECIES,Fistularia petimba,5200931
61,Syngnathiformes,Syngnathidae,Syngnathus,GENUS,Syngnathus,2332887
326,Syngnathiformes,Syngnathidae,Syngnathus,SPECIES,Syngnathus fuscus,2332955
52,Tetraodontiformes,Balistidae,Balistes,SPECIES,Balistes capriscus,2407107
319,Tetraodontiformes,Molidae,Mola,SPECIES,Mola mola,5213725
5,Tetraodontiformes,Monacanthidae,Aluterus,SPECIES,Aluterus schoepfii,2406748
7,Tetraodontiformes,Tetraodontidae,Sphoeroides,SPECIES,Sphoeroides spengleri,2407829
6,Zeiformes,Grammicolepididae,Xenolepidichthys,SPECIES,Xenolepidichthys dalgleishi,2415264
4,Zeiformes,Parazenidae,Cyttopsis,SPECIES,Cyttopsis rosea,2415284
4,Zeiformes,Zeidae,Zenopsis,SPECIES,Zenopsis conchifer,2415247
92,Zeiformes,Zeidae,Zenopsis,SPECIES,Zenopsis ocellata,2415249
